{"cameraMode":{"drawMode":0,"name":"Shaded","section":"Shading Mode"},"sceneLighting":false,"audioPlay":false,"sceneViewState":{"showFog":true,"showMaterialUpdate":false,"showSkybox":false,"showFlares":true,"showImageEffects":true,"showParticleSystems":true},"in2DMode":false,"pivot":{"x":-4.589327335357666,"y":0.5398462414741516,"z":-3.926811695098877},"rotation":{"x":0.3038410544395447,"y":-0.6786277890205383,"z":0.37148818373680117,"w":0.5565162301063538},"size":0.9332686066627502,"orthographic":false}