{"cameraMode":{"drawMode":0,"name":"Shaded","section":"Shading Mode"},"sceneLighting":false,"audioPlay":false,"sceneViewState":{"showFog":true,"showMaterialUpdate":false,"showSkybox":false,"showFlares":true,"showImageEffects":true,"showParticleSystems":true},"in2DMode":false,"pivot":{"x":5.8899993896484379,"y":1.9099960327148438,"z":0.0},"rotation":{"x":-0.039162591099739078,"y":0.5900034308433533,"z":0.02875053882598877,"w":0.8060528039932251},"size":54.28097915649414,"orthographic":false}