{"cameraMode":{"drawMode":0,"name":"Shaded","section":"Shading Mode"},"sceneLighting":true,"audioPlay":false,"sceneViewState":{"showFog":true,"showMaterialUpdate":false,"showSkybox":true,"showFlares":true,"showImageEffects":true,"showParticleSystems":true},"in2DMode":false,"pivot":{"x":4.2052321434021,"y":1.56972336769104,"z":0.1852048635482788},"rotation":{"x":0.03367471322417259,"y":0.8585829138755798,"z":-0.0560295507311821,"w":0.5088706612586975},"size":0.18805469572544099,"orthographic":false}