{"cameraMode":{"drawMode":0,"name":"Shaded","section":"Shading Mode"},"sceneLighting":false,"audioPlay":false,"sceneViewState":{"showFog":true,"showMaterialUpdate":false,"showSkybox":false,"showFlares":true,"showImageEffects":true,"showParticleSystems":true},"in2DMode":false,"pivot":{"x":-0.43430304527282717,"y":-0.3655431270599365,"z":-0.5560438632965088},"rotation":{"x":0.0929536446928978,"y":0.7275394797325134,"z":-0.10026022046804428,"w":0.6729817390441895},"size":0.03125092014670372,"orthographic":false}