{"cameraMode":{"drawMode":0,"name":"Shaded","section":"Shading Mode"},"sceneLighting":true,"audioPlay":false,"sceneViewState":{"showFog":true,"showMaterialUpdate":false,"showSkybox":false,"showFlares":true,"showImageEffects":true,"showParticleSystems":true},"in2DMode":false,"pivot":{"x":7.680204391479492,"y":2.2933316230773927,"z":9.28426456451416},"rotation":{"x":0.034011468291282657,"y":-0.3832051753997803,"z":-0.014370244927704335,"w":-0.9234440326690674},"size":4.4993791580200199,"orthographic":false}