{"cameraMode":{"drawMode":0,"name":"Shaded","section":"Shading Mode"},"sceneLighting":false,"audioPlay":false,"sceneViewState":{"showFog":true,"showMaterialUpdate":false,"showSkybox":false,"showFlares":true,"showImageEffects":true,"showParticleSystems":true},"in2DMode":false,"pivot":{"x":-0.062448155134916309,"y":0.04654742404818535,"z":0.10199999064207077},"rotation":{"x":0.10363513231277466,"y":0.8837344646453857,"z":-0.23231494426727296,"w":0.3939966559410095},"size":0.03506767377257347,"orthographic":false}