{"cameraMode":{"drawMode":0,"name":"Shaded","section":"Shading Mode"},"sceneLighting":false,"audioPlay":false,"sceneViewState":{"showFog":true,"showMaterialUpdate":false,"showSkybox":false,"showFlares":true,"showImageEffects":true,"showParticleSystems":true},"in2DMode":false,"pivot":{"x":-4.063387870788574,"y":1.2346159219741822,"z":-4.740087509155273},"rotation":{"x":-0.0006608957191929221,"y":0.9972597360610962,"z":-0.0734308511018753,"w":-0.008975583128631115},"size":0.042995769530534747,"orthographic":false}