{"cameraMode":{"drawMode":0,"name":"Shaded","section":"Shading Mode"},"sceneLighting":false,"audioPlay":false,"sceneViewState":{"showFog":true,"showMaterialUpdate":false,"showSkybox":false,"showFlares":true,"showImageEffects":true,"showParticleSystems":true},"in2DMode":false,"pivot":{"x":-0.14999999105930329,"y":3.0034399032592775,"z":2.509999990463257},"rotation":{"x":-0.09806301444768906,"y":-0.8704189658164978,"z":0.19322586059570313,"w":-0.4422276020050049},"size":0.8660253882408142,"orthographic":false}